Months,Sales
2018-01,12435
2018-02,11191.5
2018-03,10072.35
2018-04,9065.115
2018-05,8158.6035
2018-06,7342.74315
2018-07,6608.468835
2018-08,5947.621952
2018-09,5352.859756
2018-10,4817.573781
2018-11,4335.816403
2018-12,3902.234762
